{"cameraMode":{"drawMode":0,"name":"Shaded","section":"Shading Mode"},"sceneLighting":false,"audioPlay":false,"sceneViewState":{"showFog":true,"showMaterialUpdate":true,"showSkybox":false,"showFlares":true,"showImageEffects":true,"showParticleSystems":true},"in2DMode":false,"pivot":{"x":-34.096466064453128,"y":2.1510982513427736,"z":0.7000007629394531},"rotation":{"x":0.048429276794195178,"y":0.13120044767856599,"z":0.006420060060918331,"w":-0.9901514649391174},"size":142.74359130859376,"orthographic":false}