{"cameraMode":{"drawMode":0,"name":"Shaded","section":"Shading Mode"},"sceneLighting":true,"audioPlay":false,"sceneViewState":{"showFog":true,"showMaterialUpdate":true,"showSkybox":true,"showFlares":true,"showImageEffects":true,"showParticleSystems":true},"in2DMode":false,"pivot":{"x":-11.769479751586914,"y":11.084007263183594,"z":-17.54299545288086},"rotation":{"x":0.014660103246569634,"y":-0.033242251724004748,"z":-0.0004844775830861181,"w":-0.9993396997451782},"size":7.928459644317627,"orthographic":false}