{"cameraMode":{"drawMode":0,"name":"Shaded","section":"Shading Mode"},"sceneLighting":true,"audioPlay":false,"sceneViewState":{"showFog":true,"showMaterialUpdate":true,"showSkybox":true,"showFlares":true,"showImageEffects":true,"showParticleSystems":true},"in2DMode":false,"pivot":{"x":7.338688850402832,"y":187.6465606689453,"z":-132.07960510253907},"rotation":{"x":-0.06773897260427475,"y":0.03416361287236214,"z":-0.002317564096301794,"w":-0.9971153140068054},"size":129.58224487304688,"orthographic":false}