{"cameraMode":{"drawMode":0,"name":"Shaded","section":"Shading Mode"},"sceneLighting":true,"audioPlay":false,"sceneViewState":{"showFog":true,"showMaterialUpdate":true,"showSkybox":true,"showFlares":true,"showImageEffects":true,"showParticleSystems":true},"in2DMode":false,"pivot":{"x":5.521862506866455,"y":16.73233985900879,"z":-39.7447509765625},"rotation":{"x":0.09219609946012497,"y":-0.033117253333330157,"z":-0.0030652997083961965,"w":-0.9951853156089783},"size":22.0,"orthographic":false}