{"cameraMode":{"drawMode":0,"name":"Shaded","section":"Shading Mode"},"sceneLighting":false,"audioPlay":false,"sceneViewState":{"showFog":true,"showMaterialUpdate":true,"showSkybox":false,"showFlares":true,"showImageEffects":true,"showParticleSystems":true},"in2DMode":false,"pivot":{"x":32.75,"y":3.569999933242798,"z":-0.10102701187133789},"rotation":{"x":-0.12178506702184677,"y":-0.024080732837319375,"z":0.002958242315798998,"w":-0.9922599196434021},"size":18.536298751831056,"orthographic":false}