{"cameraMode":{"drawMode":0,"name":"Shaded","section":"Shading Mode"},"sceneLighting":true,"audioPlay":false,"sceneViewState":{"showFog":true,"showMaterialUpdate":true,"showSkybox":true,"showFlares":true,"showImageEffects":true,"showParticleSystems":true},"in2DMode":false,"pivot":{"x":44.88999938964844,"y":3.569999933242798,"z":-0.10102701187133789},"rotation":{"x":-0.018174419179558755,"y":0.21842198073863984,"z":-0.004065875895321369,"w":-0.9756767153739929},"size":18.536298751831056,"orthographic":false}