{"cameraMode":{"drawMode":0,"name":"Shaded","section":"Shading Mode"},"sceneLighting":true,"audioPlay":false,"sceneViewState":{"showFog":true,"showMaterialUpdate":false,"showSkybox":true,"showFlares":true,"showImageEffects":true,"showParticleSystems":true},"in2DMode":false,"pivot":{"x":0.3670244812965393,"y":1.811241626739502,"z":-0.12240725755691529},"rotation":{"x":-0.11823736876249314,"y":0.008072631433606148,"z":-0.0009592440910637379,"w":-0.9929521083831787},"size":6.960923671722412,"orthographic":false}