{"cameraMode":{"drawMode":0,"name":"Shaded","section":"Shading Mode"},"sceneLighting":false,"audioPlay":false,"sceneViewState":{"showFog":true,"showMaterialUpdate":false,"showSkybox":false,"showFlares":true,"showImageEffects":true,"showParticleSystems":true},"in2DMode":false,"pivot":{"x":0.15354430675506593,"y":1.016326904296875,"z":-0.01716989278793335},"rotation":{"x":-0.16262802481651307,"y":-0.19047853350639344,"z":0.03201642259955406,"w":-0.9675975441932678},"size":2.9996583461761476,"orthographic":false}