{"cameraMode":{"drawMode":0,"name":"Shaded","section":"Shading Mode"},"sceneLighting":true,"audioPlay":false,"sceneViewState":{"showFog":true,"showMaterialUpdate":true,"showSkybox":true,"showFlares":true,"showImageEffects":true,"showParticleSystems":true},"in2DMode":false,"pivot":{"x":7.267993927001953,"y":42.753334045410159,"z":-45.14647674560547},"rotation":{"x":-0.11124658584594727,"y":0.0503980815410614,"z":-0.005646212957799435,"w":-0.9924980401992798},"size":22.0,"orthographic":false}