{"cameraMode":{"drawMode":0,"name":"Shaded","section":"Shading Mode"},"sceneLighting":false,"audioPlay":false,"sceneViewState":{"showFog":true,"showMaterialUpdate":false,"showSkybox":false,"showFlares":true,"showImageEffects":true,"showParticleSystems":true},"in2DMode":false,"pivot":{"x":0.29247957468032839,"y":1.4982900619506837,"z":-0.04075118899345398},"rotation":{"x":-0.10472901165485382,"y":-0.0426219217479229,"z":0.00449456786736846,"w":-0.9935768842697144},"size":6.045254230499268,"orthographic":false}