{"cameraMode":{"drawMode":0,"name":"Shaded","section":"Shading Mode"},"sceneLighting":true,"audioPlay":false,"sceneViewState":{"showFog":true,"showMaterialUpdate":true,"showSkybox":true,"showFlares":true,"showImageEffects":true,"showParticleSystems":true},"in2DMode":false,"pivot":{"x":13.019430160522461,"y":44.8133544921875,"z":71.41485595703125},"rotation":{"x":-0.05879244953393936,"y":-0.012229397892951966,"z":0.0007236077799461782,"w":-0.9981950521469116},"size":129.58224487304688,"orthographic":false}