{"cameraMode":{"drawMode":0,"name":"Shaded","section":"Shading Mode"},"sceneLighting":true,"audioPlay":false,"sceneViewState":{"showFog":true,"showMaterialUpdate":false,"showSkybox":true,"showFlares":true,"showImageEffects":true,"showParticleSystems":true},"in2DMode":false,"pivot":{"x":1.0212690830230713,"y":1.7616136074066163,"z":-1.3280048370361329},"rotation":{"x":-0.10472901165485382,"y":-0.0426219217479229,"z":0.00449456786736846,"w":-0.9935768842697144},"size":4.199185848236084,"orthographic":false}