{"cameraMode":{"drawMode":0,"name":"Shaded","section":"Shading Mode"},"sceneLighting":false,"audioPlay":false,"sceneViewState":{"showFog":true,"showMaterialUpdate":true,"showSkybox":false,"showFlares":true,"showImageEffects":true,"showParticleSystems":true},"in2DMode":false,"pivot":{"x":-8.899999618530274,"y":20.033754348754884,"z":-8.199999809265137},"rotation":{"x":0.014370011165738106,"y":0.01623576506972313,"z":0.0002362743252888322,"w":-0.9997649192810059},"size":12.124975204467774,"orthographic":false}