{"cameraMode":{"drawMode":0,"name":"Shaded","section":"Shading Mode"},"sceneLighting":true,"audioPlay":false,"sceneViewState":{"showFog":true,"showMaterialUpdate":true,"showSkybox":true,"showFlares":true,"showImageEffects":true,"showParticleSystems":true},"in2DMode":false,"pivot":{"x":12.739999771118164,"y":3.1500000953674318,"z":-19.3700008392334},"rotation":{"x":-0.09572705626487732,"y":0.12333670258522034,"z":-0.01195149403065443,"w":-0.9876646995544434},"size":22.0,"orthographic":false}