{"cameraMode":{"drawMode":0,"name":"Shaded","section":"Shading Mode"},"sceneLighting":false,"audioPlay":false,"sceneViewState":{"showFog":true,"showMaterialUpdate":true,"showSkybox":false,"showFlares":true,"showImageEffects":true,"showParticleSystems":true},"in2DMode":false,"pivot":{"x":-0.02036607265472412,"y":-2.3246097564697267,"z":-0.3859541118144989},"rotation":{"x":-0.12122587859630585,"y":-0.07016831636428833,"z":0.008594421669840813,"w":-0.9901044964790344},"size":6.939731121063232,"orthographic":false}