{"cameraMode":{"drawMode":0,"name":"Shaded","section":"Shading Mode"},"sceneLighting":true,"audioPlay":false,"sceneViewState":{"showFog":true,"showMaterialUpdate":true,"showSkybox":true,"showFlares":true,"showImageEffects":true,"showParticleSystems":true},"in2DMode":false,"pivot":{"x":23.183364868164064,"y":33.00068283081055,"z":-56.213863372802737},"rotation":{"x":-0.13776156306266786,"y":0.07691285014152527,"z":-0.010727817192673684,"w":-0.9874163866043091},"size":22.0,"orthographic":false}