{"cameraMode":{"drawMode":0,"name":"Shaded","section":"Shading Mode"},"sceneLighting":true,"audioPlay":false,"sceneViewState":{"showFog":true,"showMaterialUpdate":false,"showSkybox":true,"showFlares":true,"showImageEffects":true,"showParticleSystems":true},"in2DMode":false,"pivot":{"x":0.6870585680007935,"y":2.332705020904541,"z":1.63967764377594},"rotation":{"x":0.005114307161420584,"y":0.02606630139052868,"z":-0.0001349970552837476,"w":0.9996471405029297},"size":3.410414218902588,"orthographic":false}