{"cameraMode":{"drawMode":0,"name":"Shaded","section":"Shading Mode"},"sceneLighting":true,"audioPlay":false,"sceneViewState":{"showFog":true,"showMaterialUpdate":true,"showSkybox":true,"showFlares":true,"showImageEffects":true,"showParticleSystems":true},"in2DMode":false,"pivot":{"x":12.245956420898438,"y":33.572269439697269,"z":83.79590606689453},"rotation":{"x":0.004122708924114704,"y":0.14770537614822389,"z":0.000618973805103451,"w":-0.9890226721763611},"size":129.58224487304688,"orthographic":false}