{"cameraMode":{"drawMode":0,"name":"Shaded","section":"Shading Mode"},"sceneLighting":true,"audioPlay":false,"sceneViewState":{"showFog":true,"showMaterialUpdate":true,"showSkybox":true,"showFlares":true,"showImageEffects":true,"showParticleSystems":true},"in2DMode":false,"pivot":{"x":22.024436950683595,"y":43.766849517822269,"z":-62.359901428222659},"rotation":{"x":-0.12178506702184677,"y":-0.024080732837319375,"z":0.002958242315798998,"w":-0.9922599196434021},"size":22.0,"orthographic":false}